table_name,suggested_group,group_status,business_name,business_description,grain,is_history,is_staging,confidence,review_needed,reviewed_by,reviewed_on,corrected_name,corrected_description,corrected_group
DIM_ACCOUNT,Account Master & Reference Data,in the workbook,Account,"The accounts BBH holds and services, with how each one is set up and who owns it.",one row per account,N,N,high,N,,,,,
DIM_ACCOUNT_FEE_BLOCKS,Account Master & Reference Data,in the workbook,Account Fee Blocks,"Accounts whose fee billing is currently held, and from when.",one row per account per fee block,N,N,high,N,,,,,
DIM_ACCOUNT_IR_BLOCKS,Account Master & Reference Data,in the workbook,Account IR Blocks,Accounts with a hold placed on IR processing. IR is not expanded anywhere in the lineage — confirm before publishing this description.,one row per account per block,N,N,low,Y,,,,,
DIM_ACCOUNT_MAP,Account Master & Reference Data,in the workbook,Account Cross-Reference,"How an account is identified in each system that knows about it, so the same account can be recognised across platforms.",one row per account per external identifier,N,N,high,N,,,,,
DIM_ACCOUNT_UD,Account Master & Reference Data,in the workbook,Account User-Defined Fields,"Extra account attributes the business added itself, outside the standard account record.",one row per account per user-defined field,N,N,high,N,,,,,
DIM_ACCOUNT_UD_HIST,Account Master & Reference Data,in the workbook,Account User-Defined Fields — History,"Previous values of those extra account attributes, so a change can be traced to a date.",one row per account per field per change,Y,N,high,N,,,,,
DIM_COMPANY,Account Master & Reference Data,in the workbook,Company,"The legal entities BBH deals with, whether as client, counterparty or issuer.",one row per company,N,N,high,N,,,,,
DIM_MASTER_ACCOUNT_BLOCKS,Account Master & Reference Data,in the workbook,Master Account Blocks,"Holds placed at master-account level, which apply to every account beneath.",one row per master account per block,N,N,high,N,,,,,
DIM_MASTER_ACCOUNT_UD,Account Master & Reference Data,in the workbook,Master Account User-Defined Fields,Extra attributes on a master account — the grouping several accounts are administered under.,one row per master account per field,N,N,high,N,,,,,
DIM_MASTER_ACCOUNT_UD_HIST,Account Master & Reference Data,in the workbook,Master Account User-Defined Fields — History,Previous values of those master-account attributes.,one row per master account per field per change,Y,N,high,N,,,,,
DIM_MSTR_ACCT_RELATIONSHIP,Account Master & Reference Data,in the workbook,Master Account Relationships,"Which accounts belong to which master account, and in what capacity.",one row per master account to account link,N,N,high,N,,,,,
DIM_MSTR_ACCT_REL_HIST,Account Master & Reference Data,in the workbook,Master Account Relationships — History,"Previous master-account groupings, so a reorganisation can be traced.",one row per link per change,Y,N,high,N,,,,,
REF_ACCOUNT_OMNI_MAP,Account Master & Reference Data,in the workbook,Omnibus Account Map,Which underlying accounts sit behind an omnibus account held in a single name.,one row per omnibus account to underlying account link,N,N,med,N,,,,,
REF_ADDEPAR_ACCOUNT_DTLS,Account Master & Reference Data,in the workbook,Addepar Account Details,"Account details as Addepar holds them, for reporting that runs out of Addepar rather than PBDW.",one row per account in Addepar,N,N,high,N,,,,,
AUDIT_TRAIL_ACCOUNT,Audit Trail & Change History,in the workbook,Account Changes,"Who changed what on an account, and when.",one row per account change,Y,N,high,N,,,,,
AUDIT_TRAIL_INTERESTED_PARTY,Audit Trail & Change History,in the workbook,Party Changes,"Who changed what on an interested party, and when.",one row per party change,Y,N,high,N,,,,,
AUDIT_TRAIL_IP_RELATIONSHIP,Audit Trail & Change History,in the workbook,Relationship Changes,"Who changed a party's relationship to an account, and when.",one row per relationship change,Y,N,high,N,,,,,
AUDIT_TRAIL_MASTER_ACCOUNT,Audit Trail & Change History,in the workbook,Master Account Changes,"Who changed what on a master account, and when.",one row per master account change,Y,N,high,N,,,,,
AUDIT_TRAIL_SECURITY,Audit Trail & Change History,in the workbook,Security Changes,"Who changed what on a security, and when.",one row per security change,Y,N,high,N,,,,,
CRD_COMPL_RULES,Compliance & Oversight,proposed — no such value in the workbook today,Compliance Rules (Charles River),The investment restrictions each portfolio is tested against.,one row per rule,N,N,high,N,,,,,
PBDW_CS_TEST_V2,Compliance & Oversight,proposed — no such value in the workbook today,Compliance Tests,"Each compliance test run, and against what.",one row per test run,N,N,med,N,,,,,
PBDW_CS_VIOLATIONS_V2,Compliance & Oversight,proposed — no such value in the workbook today,Compliance Violations,Tests that failed — a portfolio outside its restrictions.,one row per violation,N,N,med,N,,,,,
REF_ACCOUNT_REVIEW_RECON,Compliance & Oversight,proposed — no such value in the workbook today,Account Review Reconciliation,Accounts due for periodic review and whether the review happened.,one row per account per review cycle,N,N,high,N,,,,,
REF_MASTER_REVIEW_RECON,Compliance & Oversight,proposed — no such value in the workbook today,Master Account Review Reconciliation,The same review check at master-account level.,one row per master account per review cycle,N,N,high,N,,,,,
TMP_ALERTS,Compliance & Oversight,proposed — no such value in the workbook today,Alerts — Staging,Alerts raised by the current run. Not a reporting table.,"one row per alert, current run",N,Y,high,N,,,,,
FACT_FEE_ACCOUNT_WORKSHEET,Fees & Billing,proposed — no such value in the workbook today,Fee Worksheet,The calculation behind each account's fee for a billing period.,one row per account per billing period,N,N,high,N,,,,,
FACT_FEE_ACCT_WKSHEET_ALLOC,Fees & Billing,proposed — no such value in the workbook today,Fee Allocation,How a fee is split across the accounts that bear it.,one row per worksheet per account share,N,N,high,N,,,,,
FACT_FEE_ACCT_WKSHEET_AMOUNTS,Fees & Billing,proposed — no such value in the workbook today,Fee Worksheet Amounts,The amounts making up each fee calculation.,one row per worksheet per amount,N,N,high,N,,,,,
FACT_FEE_ACCT_WKSHT_COMPONENT,Fees & Billing,proposed — no such value in the workbook today,Fee Components,The separate charges a fee is built from.,one row per worksheet per component,N,N,high,N,,,,,
FACT_FEE_ACCT_WKSHT_COMP_STEPS,Fees & Billing,proposed — no such value in the workbook today,Fee Tier Steps,The tiered rate steps applied within a fee component.,one row per component per tier,N,N,high,N,,,,,
FACT_FEE_MA_ACCT_WKSHT_CENT_AC,Fees & Billing,proposed — no such value in the workbook today,Master Account Central Billing,Fees billed centrally at master-account level rather than to each account.,one row per master account per billing period,N,N,med,N,,,,,
FACT_FEE_RECEIVE_OPEN,Fees & Billing,proposed — no such value in the workbook today,Fees Outstanding,Fees billed and not yet received.,one row per open fee receivable,N,N,high,N,,,,,
REF_FEE_RECEIVE_BALANCE,Fees & Billing,proposed — no such value in the workbook today,Fee Receivable Balance,The outstanding fee balance per account.,one row per account,N,N,high,N,,,,,
REF_FEE_RECEIVE_MSTR_BALANCE,Fees & Billing,proposed — no such value in the workbook today,Fee Receivable Balance — Master Account,The outstanding fee balance rolled up to master account.,one row per master account,N,N,high,N,,,,,
REF_FEE_SCHEDULE,Fees & Billing,proposed — no such value in the workbook today,Fee Schedules,The fee schedules an account can be billed on.,one row per fee schedule,N,N,high,N,,,,,
REF_FEE_SCHEDULE_COMPONENT,Fees & Billing,proposed — no such value in the workbook today,Fee Schedule Components,The charges each schedule is made up of.,one row per schedule per component,N,N,high,N,,,,,
REF_FEE_SCHEDULE_DETAILS,Fees & Billing,proposed — no such value in the workbook today,Fee Schedule Details,The rates and tiers within each schedule.,one row per schedule per rate line,N,N,high,N,,,,,
REF_FIS_FEE_SCHEDULE,Fees & Billing,proposed — no such value in the workbook today,Fee Schedules (FIS),"Fee schedules as FIS holds them, for comparison with BBH's own.",one row per fee schedule in FIS,N,N,high,N,,,,,
DIM_BBH_ASSET_ALLOCATIONS,IPS / Investment Policy,in the workbook,Target Asset Allocation,The target weights a portfolio is managed to.,one row per allocation model per asset class,N,N,high,N,,,,,
DIM_BBH_ASSET_THRESHOLD,IPS / Investment Policy,in the workbook,Allocation Thresholds,How far a holding may drift from target before it is flagged.,one row per asset class per threshold,N,N,high,N,,,,,
DIM_BBH_IPS,IPS / Investment Policy,in the workbook,Investment Policy Statement,The agreed investment policy for a relationship — what the portfolio is meant to do.,one row per policy statement,N,N,high,N,,,,,
DIM_BBH_IPS_APPROVAL,IPS / Investment Policy,in the workbook,Policy Approvals,"Whether each policy has been approved, and when.",one row per policy per approval,N,N,high,N,,,,,
DIM_BBH_IPS_APPROVER,IPS / Investment Policy,in the workbook,Policy Approvers,"Who may approve a policy, so an approval can be checked against an entitlement.",one row per approver,N,N,high,N,,,,,
DIM_BBH_IPS_ASSET,IPS / Investment Policy,in the workbook,Policy Asset Classes,The asset classes a policy covers and the weight agreed for each.,one row per policy per asset class,N,N,high,N,,,,,
DIM_BBH_IPS_HISTORY,IPS / Investment Policy,in the workbook,Investment Policy — History,"Previous versions of each policy, so a change of mandate is traceable.",one row per policy per version,Y,N,high,N,,,,,
DIM_BBH_IPS_INVESTOR_PROFILE,IPS / Investment Policy,in the workbook,Investor Profile,"The client's objectives, risk tolerance and constraints as recorded on the policy.",one row per policy,N,N,high,N,,,,,
DIM_BBH_IPS_SUBASSET_CLASS,IPS / Investment Policy,in the workbook,Policy Sub-Asset Classes,The finer breakdown beneath each asset class.,one row per policy per sub-asset class,N,N,high,N,,,,,
DIM_BBH_IPS_TRANSLATION,IPS / Investment Policy,in the workbook,Policy Translations,Policy wording in each language it is issued in.,one row per policy per language,N,N,high,N,,,,,
DIM_BBH_IPS_UIMP,IPS / Investment Policy,in the workbook,Policy UIMP,A policy structure abbreviated UIMP. UIMP is not expanded anywhere in the lineage — this one needs an owner to name it.,one row per policy per UIMP entry,N,N,low,Y,,,,,
DIM_BBH_IPS_UIMP_REALLOCATION,IPS / Investment Policy,in the workbook,Policy UIMP Reallocation,Reallocations against those UIMP entries. UIMP is not expanded anywhere in the lineage — confirm before publishing.,one row per reallocation,N,N,low,Y,,,,,
DIM_BBH_IPS_WS,IPS / Investment Policy,in the workbook,Policy Worksheet,The working version of a policy while it is being drafted.,one row per worksheet,N,N,high,N,,,,,
DIM_BBH_IPS_WS_OPTOUT,IPS / Investment Policy,in the workbook,Policy Worksheet Opt-Outs,"Parts of the policy the client has declined, recorded on the worksheet.",one row per worksheet per opt-out,N,N,high,N,,,,,
DIM_IPS_ACCOUNTS_RELATION,IPS / Investment Policy,in the workbook,Policy Accounts,Which accounts each policy governs.,one row per policy per account,N,N,high,N,,,,,
DIM_IPS_CONSOLIDATED,IPS / Investment Policy,in the workbook,Consolidated Policy View,One policy view across the accounts a relationship holds.,one row per relationship,N,N,high,N,,,,,
DIM_IPS_DETAILS,IPS / Investment Policy,in the workbook,Policy Details,The detailed lines of a policy.,one row per policy per detail line,N,N,high,N,,,,,
DIM_IPS_OPT_OUTS,IPS / Investment Policy,in the workbook,Policy Opt-Outs,Parts of the agreed policy the client has declined.,one row per policy per opt-out,N,N,high,N,,,,,
DIM_IPS_SPL_CONSIDERATIONS,IPS / Investment Policy,in the workbook,Special Considerations,Client-specific instructions and restrictions that sit outside the standard policy.,one row per policy per consideration,N,N,high,N,,,,,
REF_ACTIVE_BLEND_ALLOCATION,IPS / Investment Policy,in the workbook,Active Blend Allocation,The blend of active and passive management applied to an allocation.,one row per blend per asset class,N,N,med,N,,,,,
REF_ASSET_CLASS,IPS / Investment Policy,in the workbook,Asset Classes,The asset-class scheme used across allocation and reporting.,one row per asset class,N,N,high,N,,,,,
REF_IPS_OBJECTIVE,IPS / Investment Policy,in the workbook,Investment Objectives,The objectives a policy can be set to.,one row per objective,N,N,high,N,,,,,
DIM_CRM_DW_CONTACTS,Interested Parties & Relationships,in the workbook,CRM Contacts,"Contacts as the CRM holds them, brought across so warehouse reporting agrees with the CRM.",one row per CRM contact,N,N,high,N,,,,,
DIM_CRM_OB_REQUEST,Interested Parties & Relationships,in the workbook,Onboarding Requests,"Requests raised to onboard a client or account, and where each one has got to.",one row per onboarding request,N,N,med,N,,,,,
DIM_CRM_TAR_CONTACTS,Interested Parties & Relationships,in the workbook,CRM TAR Contacts,A second CRM contact set. TAR is not expanded anywhere in the lineage — confirm what it stands for.,one row per contact,N,N,low,Y,,,,,
DIM_INTERESTED_PARTY,Interested Parties & Relationships,in the workbook,Interested Party,"Every person or organisation with an interest in an account — owners, beneficiaries, signatories, advisers.",one row per interested party,N,N,high,N,,,,,
DIM_INTERESTED_PARTY_UD,Interested Parties & Relationships,in the workbook,Interested Party User-Defined Fields,Extra attributes the business records against a party.,one row per party per field,N,N,high,N,,,,,
DIM_INTERESTED_PARTY_UD_HIST,Interested Parties & Relationships,in the workbook,Interested Party User-Defined Fields — History,Previous values of those party attributes.,one row per party per field per change,Y,N,high,N,,,,,
DIM_IP_RELATIONSHIP,Interested Parties & Relationships,in the workbook,Party Relationship,How each party relates to each account — the capacity in which they are interested.,one row per party to account relationship,N,N,high,N,,,,,
DIM_IP_RELATIONSHIP_HIST,Interested Parties & Relationships,in the workbook,Party Relationship — History,"Previous relationships, so a change of signatory or beneficiary can be traced.",one row per relationship per change,Y,N,high,N,,,,,
DIM_IP_RELATIONSHIP_UD,Interested Parties & Relationships,in the workbook,Party Relationship User-Defined Fields,Extra attributes on the relationship itself rather than on the party.,one row per relationship per field,N,N,high,N,,,,,
DIM_IP_RELATIONSHIP_UD_HIST,Interested Parties & Relationships,in the workbook,Party Relationship User-Defined Fields — History,Previous values of those relationship attributes.,one row per relationship per field per change,Y,N,high,N,,,,,
DIM_IP_REL_REMIT_BLOCKS,Interested Parties & Relationships,in the workbook,Remittance Blocks,"Party relationships whose payments are currently blocked, and why.",one row per relationship per remittance block,N,N,high,N,,,,,
DIM_IP_REL_STMT_BLOCKS,Interested Parties & Relationships,in the workbook,Statement Blocks,Party relationships whose statements are currently withheld.,one row per relationship per statement block,N,N,high,N,,,,,
REF_OFFICER_CONTACTS,Interested Parties & Relationships,in the workbook,Officer Contacts,Which officer covers which account or relationship.,one row per officer to account assignment,N,N,high,N,,,,,
API_INTRADAY_KEYS,Intraday / API Keys & Control,in the workbook,Intraday API Keys,Keys the intraday API uses to identify what to refresh.,one row per key,N,N,med,N,,,,,
CFG_BACK_DATED_LIST,Intraday / API Keys & Control,in the workbook,Back-Dated Processing List,Accounts approved for back-dated processing.,one row per account,N,N,high,N,,,,,
CFG_BACK_DATED_LIST_HIST,Intraday / API Keys & Control,in the workbook,Back-Dated Processing List — History,Previous versions of that list.,one row per account per change,Y,N,high,N,,,,,
CFG_BACK_DATED_LIST_TEMP,Intraday / API Keys & Control,in the workbook,Back-Dated Processing List — Staging,The list being assembled by the current run.,"one row per account, current run",N,Y,high,N,,,,,
PBDW_ETL_AUDIT_LOG,Intraday / API Keys & Control,in the workbook,Load Log,"Every warehouse load: when it ran, how long it took, and whether it succeeded.",one row per load step per run,N,N,high,N,,,,,
REF_ACBS_FACILITY_LIST,Lending & Credit,proposed — no such value in the workbook today,Credit Facilities,"Lending facilities extended to clients, from the ACBS commercial lending system.",one row per facility,N,N,high,N,,,,,
REF_ACBS_KEY_METRICS,Lending & Credit,proposed — no such value in the workbook today,Credit Facility Metrics,"Balances, limits and utilisation on each facility.",one row per facility per metric date,N,N,high,N,,,,,
REF_ACBS_SYND_PARTICIPATION,Lending & Credit,proposed — no such value in the workbook today,Syndicated Loan Participation,BBH's share of loans syndicated across several lenders.,one row per facility per participant,N,N,high,N,,,,,
REF_IRG_FUND_DETAILS,Market / Research Data,in the workbook,Fund Details,Fund characteristics from the investment research group's data set.,one row per fund,N,N,med,N,,,,,
REF_IRG_FUND_FACTOR,Market / Research Data,in the workbook,Fund Factors,Factor exposures attributed to each fund.,one row per fund per factor,N,N,med,N,,,,,
REF_IRG_FUND_RETURNS,Market / Research Data,in the workbook,Fund Returns,Published returns for each fund.,one row per fund per period,N,N,med,N,,,,,
REF_IRG_MORNING_STAR,Market / Research Data,in the workbook,Morningstar Data,Fund data as supplied by Morningstar.,one row per fund,N,N,high,N,,,,,
REF_IRG_SECTOR_NAMES,Market / Research Data,in the workbook,Research Sector Names,The sector names used in research data.,one row per sector,N,N,med,N,,,,,
REF_IRG_SP500_INFO,Market / Research Data,in the workbook,S&P 500 Constituents,S&P 500 index membership and attributes.,one row per constituent,N,N,high,N,,,,,
REF_PRIVATE_MARKET_FUND,Market / Research Data,in the workbook,Private Market Funds,"Private equity, credit and real asset funds clients are invested in.",one row per fund,N,N,high,N,,,,,
FACT_CP_HOLDINGS,Positions & Holdings,in the workbook,Holdings,"What each account holds, by security, with quantity and value. The figure most client reporting starts from.",one row per account per security per day,N,N,high,N,,,,,
FACT_CP_HOLDINGS_TEMP,Positions & Holdings,in the workbook,Holdings — Staging,The holdings load in progress. Not a reporting table.,"one row per account per security, current batch",N,Y,high,N,,,,,
FACT_CP_URGL_GRAPH,Positions & Holdings,in the workbook,Unrealised Gain & Loss Trend,"Unrealised gain and loss over time, shaped for the chart that shows it.",one row per account per period,N,N,med,N,,,,,
FACT_CRD_TAX_LOT,Positions & Holdings,in the workbook,Tax Lots (Charles River),"Tax lots as the Charles River order management system holds them, for comparison with BBH's own.",one row per tax lot in Charles River,N,N,high,N,,,,,
FACT_HOLDINGS_BATCH,Positions & Holdings,in the workbook,Holdings Batch,"Which holdings load produced which figures, so a number can be traced to a run.",one row per holdings batch,N,N,high,N,,,,,
FACT_HOLDINGS_UPDATED,Positions & Holdings,in the workbook,Holdings Changed Today,"Holdings that moved in the latest run, so downstream processes need only look at what changed.",one row per changed holding per run,N,N,high,N,,,,,
FACT_PLEDGE,Positions & Holdings,in the workbook,Pledged Assets,Holdings pledged as collateral and therefore not freely available.,one row per pledge,N,N,high,N,,,,,
FACT_TAX_LOT,Positions & Holdings,in the workbook,Tax Lots,"Each separately acquired parcel of a holding, with its cost and acquisition date — what gain and loss is calculated from.",one row per tax lot,N,N,high,N,,,,,
FACT_TAX_LOT_HIST,Positions & Holdings,in the workbook,Tax Lots — History,"Previous states of those parcels, so a restatement can be traced.",one row per tax lot per change,Y,N,high,N,,,,,
CFG_TR_CUSIP_LTS,Pricing & Valuation,in the workbook,Thomson Reuters CUSIP List,A controlled list of CUSIPs for Thomson Reuters processing. LTS is not expanded anywhere in the lineage.,one row per CUSIP,N,N,low,Y,,,,,
FACT_MBS_FACTOR,Pricing & Valuation,in the workbook,Mortgage-Backed Security Factors,"The paydown factor for each mortgage-backed security, which determines the outstanding balance.",one row per security per factor date,N,N,high,N,,,,,
FACT_PRICE,Pricing & Valuation,in the workbook,Price,The price used to value each security on each day.,one row per security per date,N,N,high,N,,,,,
FACT_PRICE_FIS,Pricing & Valuation,in the workbook,Price (FIS),"Prices as delivered by FIS, before any vendor is chosen.",one row per security per date,N,N,high,N,,,,,
FACT_PRICE_REALTIME,Pricing & Valuation,in the workbook,Price — Intraday,Prices refreshed during the day rather than at close.,one row per security per intraday snapshot,N,N,high,N,,,,,
FACT_PRICE_TR,Pricing & Valuation,in the workbook,Price (Thomson Reuters),"Prices as delivered by Thomson Reuters, before any vendor is chosen.",one row per security per date,N,N,med,N,,,,,
FACT_SECURITY_MEASURES,Pricing & Valuation,in the workbook,Security Measures,"Calculated measures on a security — yield, duration and the like.",one row per security per measure per date,N,N,high,N,,,,,
FACT_SECURITY_MEASURES_HIST,Pricing & Valuation,in the workbook,Security Measures — History,Previous values of those measures.,one row per security per measure per date,Y,N,high,N,,,,,
FACT_STAR_PORTFOLIO_VALUATION,Pricing & Valuation,in the workbook,Portfolio Valuation (STAR),The nightly portfolio valuation delivered by STAR.,one row per account per security per valuation date,N,N,high,N,,,,,
TEMP_PRICE_CHANGE,Pricing & Valuation,in the workbook,Price Change — Staging,Prices that moved in the current run. Not a reporting table.,"one row per security, current run",N,Y,high,N,,,,,
TEMP_PRICE_CHANGE_YESTERDAY,Pricing & Valuation,in the workbook,Price Change — Previous Run,"The prior run's price movements, kept for comparison.","one row per security, previous run",N,Y,high,N,,,,,
DIM_CONTACT,Reference Data,in the workbook,Contact,Named contacts and how to reach them.,one row per contact,N,N,high,N,,,,,
DIM_CONTROL_DATES,Reference Data,in the workbook,Processing Dates,"The business dates each process runs for, which decide what 'today' means to a report.",one row per process per date,N,N,high,N,,,,,
DIM_CRM_EMPLOYEE_OFFICES,Reference Data,in the workbook,CRM Employee Offices,"Which office each employee works from, as the CRM records it.",one row per employee per office,N,N,high,N,,,,,
DIM_DATE,Reference Data,in the workbook,Calendar,The date dimension every periodic report joins to.,one row per date,N,N,high,N,,,,,
DIM_EMPLOYEE,Reference Data,in the workbook,Employee,"BBH staff, used to attribute accounts and activity to the people responsible.",one row per employee,N,N,high,N,,,,,
DIM_OFFICE,Reference Data,in the workbook,Office,"BBH offices, used to roll figures up by location.",one row per office,N,N,high,N,,,,,
REF_ADDV_TAB_35,Reference Data,in the workbook,AddVantage Table 35,An AddVantage lookup carried across under its source table number. TAB_35 is not expanded anywhere in the lineage — it needs a business name and an owner.,one row per code,N,N,low,Y,,,,,
REF_BANK_NAME,Reference Data,in the workbook,Bank Names,Banks referenced by accounts and instructions.,one row per bank,N,N,high,N,,,,,
REF_BRANCH,Reference Data,in the workbook,Branch,"The branch codes used across accounts and reporting, and the branch each one names.",one row per branch,N,N,high,N,,,,,
REF_CODE_DESC,Reference Data,in the workbook,Code Descriptions,The general lookup: what every short code in the warehouse means.,one row per code set per code,N,N,high,N,,,,,
REF_CRD_BRANCHCODE,Reference Data,in the workbook,Branch Codes (Charles River),"Branch codes as Charles River uses them, mapped to BBH branches.",one row per branch code,N,N,high,N,,,,,
REF_DISBURSEMENT_CODE,Reference Data,in the workbook,Disbursement Codes,What each disbursement code means.,one row per disbursement code,N,N,high,N,,,,,
REF_INSTITUTION_CODE,Reference Data,in the workbook,Institution Codes,Financial institutions and their identifying codes.,one row per institution,N,N,high,N,,,,,
REF_IP_MAIL_LABEL_TITLE,Reference Data,in the workbook,Mailing Title,The salutation and title used when addressing a party on post.,one row per title code,N,N,high,N,,,,,
REF_TRANSACTION_CODE,Reference Data,in the workbook,Transaction Codes,"What each transaction code means, so a posting can be read without a lookup sheet.",one row per transaction code,N,N,high,N,,,,,
FACT_ACCOUNT_SUMMARY,Reporting & Analytics,in the workbook,Account Summary,One summary line per account per period — the figures most reports open with.,one row per account per period,N,N,high,N,,,,,
FACT_AUM,Reporting & Analytics,in the workbook,Assets Under Management,"The value of assets BBH manages or administers, by account and period.",one row per account per period,N,N,high,N,,,,,
FACT_FR_BENCHMARK,Reporting & Analytics,in the workbook,Benchmark Returns,"Returns for each benchmark, which portfolio performance is measured against.",one row per benchmark per period,N,N,high,N,,,,,
FACT_FR_BENCHMARK_TAB1,Reporting & Analytics,in the workbook,Benchmark — Report Section 1,Benchmark figures arranged for the first section of the client report.,one row per benchmark per period,N,N,med,N,,,,,
FACT_FR_BENCHMARK_TAB2,Reporting & Analytics,in the workbook,Benchmark — Report Section 2,Benchmark figures arranged for the second section of the client report.,one row per benchmark per period,N,N,med,N,,,,,
FACT_FR_BENCHMARK_TAB3,Reporting & Analytics,in the workbook,Benchmark — Report Section 3,Benchmark figures arranged for the third section of the client report.,one row per benchmark per period,N,N,med,N,,,,,
FACT_FR_PERFORMANCE,Reporting & Analytics,in the workbook,Performance Returns,Returns for each account and period — what the portfolio actually did.,one row per account per period,N,N,high,N,,,,,
FACT_FR_PERFORMANCE_TAB1,Reporting & Analytics,in the workbook,Performance — Report Section 1,Performance figures arranged for the first section of the client report.,one row per account per period,N,N,med,N,,,,,
FACT_FR_PERFORMANCE_TAB2,Reporting & Analytics,in the workbook,Performance — Report Section 2,Performance figures arranged for the second section of the client report.,one row per account per period,N,N,med,N,,,,,
FACT_FR_PERFORMANCE_TAB3,Reporting & Analytics,in the workbook,Performance — Report Section 3,Performance figures arranged for the third section of the client report.,one row per account per period,N,N,med,N,,,,,
FACT_MAP_DETAILS,Reporting & Analytics,in the workbook,MAP Report Details,The detail lines of a MAP report. MAP is not expanded anywhere in the lineage — confirm before publishing.,one row per report per line,N,N,low,Y,,,,,
FACT_MAP_HEADER,Reporting & Analytics,in the workbook,MAP Report Header,The header of a MAP report. MAP is not expanded anywhere in the lineage — confirm before publishing.,one row per report,N,N,low,Y,,,,,
FACT_MONTHLY_FEES_AUM,Reporting & Analytics,in the workbook,Fees Against AUM,Monthly fees set against the assets they were charged on.,one row per account per month,N,N,high,N,,,,,
FACT_NET_FLOW_AUM,Reporting & Analytics,in the workbook,Net Flows,"Money in and out, separated from market movement, so growth can be explained.",one row per account per period,N,N,high,N,,,,,
FACT_STATEMENT_CASH,Reporting & Analytics,in the workbook,Statement Cash,Cash activity exactly as it was printed on a client statement.,one row per statement per cash line,N,N,high,N,,,,,
FACT_STATEMENT_HOLDING,Reporting & Analytics,in the workbook,Statement Holdings,Holdings exactly as they were printed on a client statement.,one row per statement per holding,N,N,high,N,,,,,
FACT_STATEMENT_STATUS,Reporting & Analytics,in the workbook,Statement Status,"Whether each statement has been produced, held or sent.",one row per statement,N,N,high,N,,,,,
FACT_STMT_TRANSACTIONS,Reporting & Analytics,in the workbook,Statement Transactions,Transactions exactly as they were printed on a client statement.,one row per statement per transaction,N,N,high,N,,,,,
FRCOUNT,Reporting & Analytics,in the workbook,Performance Load Count,"Row counts from the performance load, used to check a file arrived whole.",one row per load,N,N,med,N,,,,,
FR_BENCHMARK_FILE_ENTRY,Reporting & Analytics,in the workbook,Benchmark File Load,"Each benchmark file received, and whether it loaded.",one row per file received,N,N,high,N,,,,,
FR_BEN_COUNT,Reporting & Analytics,in the workbook,Benchmark Load Count,"Row counts from the benchmark load, used to check a file arrived whole.",one row per load,N,N,high,N,,,,,
FR_PERFORMANCE_FILE_ENTRY,Reporting & Analytics,in the workbook,Performance File Load,"Each performance file received, and whether it loaded.",one row per file received,N,N,high,N,,,,,
PBDW_REPORT_CONFIGURATION,Reporting & Analytics,in the workbook,Report Configuration,"Which reports run, for whom, and with what options.",one row per report configuration,N,N,high,N,,,,,
REF_BENCHMARK_DESC,Reporting & Analytics,in the workbook,Benchmark Descriptions,What each benchmark is and what it represents.,one row per benchmark,N,N,high,N,,,,,
REF_BENCHMARK_MAPPING,Reporting & Analytics,in the workbook,Benchmark Assignment,Which benchmark each account or asset class is measured against.,one row per account or asset class per benchmark,N,N,high,N,,,,,
REF_FR_ASCT_SECTOR_MAPPING,Reporting & Analytics,in the workbook,Asset Class to Sector Mapping,How asset classes map onto reporting sectors.,one row per asset class per sector,N,N,med,N,,,,,
REF_FR_ASSET_CLASS_MAPPING,Reporting & Analytics,in the workbook,Performance Asset Class Mapping,How holdings map onto the asset classes performance is reported by.,one row per holding classification,N,N,high,N,,,,,
REF_FR_ASSET_SCHEMA,Reporting & Analytics,in the workbook,Performance Asset Schema,The classification scheme performance reporting is built on.,one row per schema entry,N,N,med,N,,,,,
REF_FR_BENCHMARK_APPROVAL,Reporting & Analytics,in the workbook,Benchmark Approvals,Whether a benchmark assignment has been approved for use in client reporting.,one row per benchmark assignment per approval,N,N,high,N,,,,,
REF_FR_RISK_FREE_RATE,Reporting & Analytics,in the workbook,Risk-Free Rate,The rate used as the risk-free baseline in risk-adjusted return measures.,one row per date,N,N,high,N,,,,,
REF_FR_SECTOR_ROLLUP,Reporting & Analytics,in the workbook,Sector Roll-Up,How detailed sectors combine into the sectors shown on a report.,one row per detailed sector,N,N,high,N,,,,,
RPT_SIGNIFICANT_FUNDS,Reporting & Analytics,in the workbook,Significant Funds,Funds large enough to need separate oversight.,one row per fund per period,N,N,med,N,,,,,
CFG_SECURITY_TYPE_CHANGE,Securities / Asset Master,in the workbook,Security Type Reclassifications,"Securities whose type has been reclassified, and from what to what.",one row per reclassification,N,N,high,N,,,,,
DIM_SECURITY,Securities / Asset Master,in the workbook,Security,"Every instrument BBH can hold, with its identifiers and characteristics.",one row per security,N,N,high,N,,,,,
DIM_SECURITY_UD,Securities / Asset Master,in the workbook,Security User-Defined Fields,Extra attributes the business records against a security.,one row per security per field,N,N,high,N,,,,,
DIM_SECURITY_UD_HIST,Securities / Asset Master,in the workbook,Security User-Defined Fields — History,Previous values of those security attributes.,one row per security per field per change,Y,N,high,N,,,,,
PBDW_CSM_SECURITY,Securities / Asset Master,in the workbook,Compliance Security Master,Security attributes as the compliance system holds them. CSM is not expanded anywhere in the lineage.,one row per security,N,N,low,Y,,,,,
REF_ISSUER,Securities / Asset Master,in the workbook,Issuer,"Who issued each security, used for issuer concentration and credit views.",one row per issuer,N,N,high,N,,,,,
REF_SECURITY_TYPE,Securities / Asset Master,in the workbook,Security Types,The instrument-type classification used throughout the warehouse.,one row per security type,N,N,high,N,,,,,
REF_SM_SECURITY,Securities / Asset Master,in the workbook,Security Master Extract,Security attributes from the security master. SM is not expanded anywhere in the lineage.,one row per security,N,N,low,Y,,,,,
DIM_CRM_ACCOUNT_ONLINE_ACCESS,Security / Access Reference,in the workbook,Online Access,"Who has online access to which account, and at what level.",one row per account per user,N,N,high,N,,,,,
DIM_CRM_REQUEST_AUTHORIZER,Security / Access Reference,in the workbook,Request Authorisers,Who is entitled to approve each kind of request.,one row per request per authoriser,N,N,high,N,,,,,
TWM001_USER_REF,Security / Access Reference,in the workbook,User Reference (TWM001),A user reference table carried across under its source system name. TWM001 is not expanded anywhere in the lineage — confirm what it stands for.,one row per user,N,N,low,Y,,,,,
REF_K1_DETAIL,Tax,proposed — no such value in the workbook today,Schedule K-1 Detail,Partnership income detail reported to investors on a Schedule K-1.,one row per partner per tax year,N,N,high,N,,,,,
REF_TRUST_TAX,Tax,proposed — no such value in the workbook today,Trust Tax,"Tax attributes of trust accounts, used for withholding and filing.",one row per account,N,N,high,N,,,,,
FACT_CASH_PROJECTION,Transactions & Journals,in the workbook,Projected Cash,"Cash expected in and out on future dates, so an account's forward position is visible.",one row per account per future date,N,N,high,N,,,,,
FACT_CASH_SETTLEMENTS,Transactions & Journals,in the workbook,Cash Settlements,Cash movements settling against trades and other activity.,one row per settlement,N,N,high,N,,,,,
FACT_CHECK_REGISTER,Transactions & Journals,in the workbook,Check Register,Cheques issued against accounts and their status.,one row per cheque,N,N,high,N,,,,,
FACT_DIV_INT_TEMP,Transactions & Journals,in the workbook,Dividends & Interest — Staging,Dividend and interest postings in progress. Not a reporting table.,"one row per posting, current batch",N,Y,high,N,,,,,
FACT_PENNY_IT,Transactions & Journals,in the workbook,Penny Test Items,Small-value verification items. IT is not expanded anywhere in the lineage — confirm before publishing.,one row per item,N,N,low,Y,,,,,
FACT_REGISTER_BALANCE,Transactions & Journals,in the workbook,Register Balance,The running balance the register reconciles to.,one row per account per date,N,N,med,N,,,,,
FACT_TRADES,Transactions & Journals,in the workbook,Trades,Buy and sell orders and how they were executed.,one row per trade,N,N,high,N,,,,,
FACT_TRANSACTIONS,Transactions & Journals,in the workbook,Transactions,"Every posting against an account — purchases, sales, income, fees, transfers.",one row per transaction,N,N,high,N,,,,,
