Table,Business Name,Business Description,Grain,Functional Group,Is History,Is Staging,Confidence,Review Status,Reviewed By
DIM_ACCOUNT,Account,"The accounts BBH holds and services, with how each one is set up and who owns it.",one row per account,Account Master & Reference Data,N,N,high,DRAFT,
DIM_ACCOUNT_FEE_BLOCKS,Account Fee Blocks,"Accounts whose fee billing is currently held, and from when.",one row per account per fee block,Account Master & Reference Data,N,N,high,DRAFT,
DIM_ACCOUNT_IR_BLOCKS,Account IR Blocks,Accounts with a hold placed on IR processing. IR is not expanded anywhere in the lineage — confirm before publishing this description.,one row per account per block,Account Master & Reference Data,N,N,low,DRAFT,
DIM_ACCOUNT_MAP,Account Cross-Reference,"How an account is identified in each system that knows about it, so the same account can be recognised across platforms.",one row per account per external identifier,Account Master & Reference Data,N,N,high,DRAFT,
DIM_ACCOUNT_UD,Account User-Defined Fields,"Extra account attributes the business added itself, outside the standard account record.",one row per account per user-defined field,Account Master & Reference Data,N,N,high,DRAFT,
DIM_ACCOUNT_UD_HIST,Account User-Defined Fields — History,"Previous values of those extra account attributes, so a change can be traced to a date.",one row per account per field per change,Account Master & Reference Data,Y,N,high,DRAFT,
DIM_COMPANY,Company,"The legal entities BBH deals with, whether as client, counterparty or issuer.",one row per company,Account Master & Reference Data,N,N,high,DRAFT,
DIM_MASTER_ACCOUNT_BLOCKS,Master Account Blocks,"Holds placed at master-account level, which apply to every account beneath.",one row per master account per block,Account Master & Reference Data,N,N,high,DRAFT,
DIM_MASTER_ACCOUNT_UD,Master Account User-Defined Fields,Extra attributes on a master account — the grouping several accounts are administered under.,one row per master account per field,Account Master & Reference Data,N,N,high,DRAFT,
DIM_MASTER_ACCOUNT_UD_HIST,Master Account User-Defined Fields — History,Previous values of those master-account attributes.,one row per master account per field per change,Account Master & Reference Data,Y,N,high,DRAFT,
DIM_MSTR_ACCT_RELATIONSHIP,Master Account Relationships,"Which accounts belong to which master account, and in what capacity.",one row per master account to account link,Account Master & Reference Data,N,N,high,DRAFT,
DIM_MSTR_ACCT_REL_HIST,Master Account Relationships — History,"Previous master-account groupings, so a reorganisation can be traced.",one row per link per change,Account Master & Reference Data,Y,N,high,DRAFT,
REF_ACCOUNT_OMNI_MAP,Omnibus Account Map,Which underlying accounts sit behind an omnibus account held in a single name.,one row per omnibus account to underlying account link,Account Master & Reference Data,N,N,med,DRAFT,
REF_ADDEPAR_ACCOUNT_DTLS,Addepar Account Details,"Account details as Addepar holds them, for reporting that runs out of Addepar rather than PBDW.",one row per account in Addepar,Account Master & Reference Data,N,N,high,DRAFT,
AUDIT_TRAIL_ACCOUNT,Account Changes,"Who changed what on an account, and when.",one row per account change,Audit Trail & Change History,Y,N,high,DRAFT,
AUDIT_TRAIL_INTERESTED_PARTY,Party Changes,"Who changed what on an interested party, and when.",one row per party change,Audit Trail & Change History,Y,N,high,DRAFT,
AUDIT_TRAIL_IP_RELATIONSHIP,Relationship Changes,"Who changed a party's relationship to an account, and when.",one row per relationship change,Audit Trail & Change History,Y,N,high,DRAFT,
AUDIT_TRAIL_MASTER_ACCOUNT,Master Account Changes,"Who changed what on a master account, and when.",one row per master account change,Audit Trail & Change History,Y,N,high,DRAFT,
AUDIT_TRAIL_SECURITY,Security Changes,"Who changed what on a security, and when.",one row per security change,Audit Trail & Change History,Y,N,high,DRAFT,
CRD_COMPL_RULES,Compliance Rules (Charles River),The investment restrictions each portfolio is tested against.,one row per rule,Compliance & Oversight,N,N,high,DRAFT,
PBDW_CS_TEST_V2,Compliance Tests,"Each compliance test run, and against what.",one row per test run,Compliance & Oversight,N,N,med,DRAFT,
PBDW_CS_VIOLATIONS_V2,Compliance Violations,Tests that failed — a portfolio outside its restrictions.,one row per violation,Compliance & Oversight,N,N,med,DRAFT,
REF_ACCOUNT_REVIEW_RECON,Account Review Reconciliation,Accounts due for periodic review and whether the review happened.,one row per account per review cycle,Compliance & Oversight,N,N,high,DRAFT,
REF_MASTER_REVIEW_RECON,Master Account Review Reconciliation,The same review check at master-account level.,one row per master account per review cycle,Compliance & Oversight,N,N,high,DRAFT,
TMP_ALERTS,Alerts — Staging,Alerts raised by the current run. Not a reporting table.,"one row per alert, current run",Compliance & Oversight,N,Y,high,DRAFT,
FACT_FEE_ACCOUNT_WORKSHEET,Fee Worksheet,The calculation behind each account's fee for a billing period.,one row per account per billing period,Fees & Billing,N,N,high,DRAFT,
FACT_FEE_ACCT_WKSHEET_ALLOC,Fee Allocation,How a fee is split across the accounts that bear it.,one row per worksheet per account share,Fees & Billing,N,N,high,DRAFT,
FACT_FEE_ACCT_WKSHEET_AMOUNTS,Fee Worksheet Amounts,The amounts making up each fee calculation.,one row per worksheet per amount,Fees & Billing,N,N,high,DRAFT,
FACT_FEE_ACCT_WKSHT_COMPONENT,Fee Components,The separate charges a fee is built from.,one row per worksheet per component,Fees & Billing,N,N,high,DRAFT,
FACT_FEE_ACCT_WKSHT_COMP_STEPS,Fee Tier Steps,The tiered rate steps applied within a fee component.,one row per component per tier,Fees & Billing,N,N,high,DRAFT,
FACT_FEE_MA_ACCT_WKSHT_CENT_AC,Master Account Central Billing,Fees billed centrally at master-account level rather than to each account.,one row per master account per billing period,Fees & Billing,N,N,med,DRAFT,
FACT_FEE_RECEIVE_OPEN,Fees Outstanding,Fees billed and not yet received.,one row per open fee receivable,Fees & Billing,N,N,high,DRAFT,
REF_FEE_RECEIVE_BALANCE,Fee Receivable Balance,The outstanding fee balance per account.,one row per account,Fees & Billing,N,N,high,DRAFT,
REF_FEE_RECEIVE_MSTR_BALANCE,Fee Receivable Balance — Master Account,The outstanding fee balance rolled up to master account.,one row per master account,Fees & Billing,N,N,high,DRAFT,
REF_FEE_SCHEDULE,Fee Schedules,The fee schedules an account can be billed on.,one row per fee schedule,Fees & Billing,N,N,high,DRAFT,
REF_FEE_SCHEDULE_COMPONENT,Fee Schedule Components,The charges each schedule is made up of.,one row per schedule per component,Fees & Billing,N,N,high,DRAFT,
REF_FEE_SCHEDULE_DETAILS,Fee Schedule Details,The rates and tiers within each schedule.,one row per schedule per rate line,Fees & Billing,N,N,high,DRAFT,
REF_FIS_FEE_SCHEDULE,Fee Schedules (FIS),"Fee schedules as FIS holds them, for comparison with BBH's own.",one row per fee schedule in FIS,Fees & Billing,N,N,high,DRAFT,
DIM_BBH_ASSET_ALLOCATIONS,Target Asset Allocation,The target weights a portfolio is managed to.,one row per allocation model per asset class,IPS / Investment Policy,N,N,high,DRAFT,
DIM_BBH_ASSET_THRESHOLD,Allocation Thresholds,How far a holding may drift from target before it is flagged.,one row per asset class per threshold,IPS / Investment Policy,N,N,high,DRAFT,
DIM_BBH_IPS,Investment Policy Statement,The agreed investment policy for a relationship — what the portfolio is meant to do.,one row per policy statement,IPS / Investment Policy,N,N,high,DRAFT,
DIM_BBH_IPS_APPROVAL,Policy Approvals,"Whether each policy has been approved, and when.",one row per policy per approval,IPS / Investment Policy,N,N,high,DRAFT,
DIM_BBH_IPS_APPROVER,Policy Approvers,"Who may approve a policy, so an approval can be checked against an entitlement.",one row per approver,IPS / Investment Policy,N,N,high,DRAFT,
DIM_BBH_IPS_ASSET,Policy Asset Classes,The asset classes a policy covers and the weight agreed for each.,one row per policy per asset class,IPS / Investment Policy,N,N,high,DRAFT,
DIM_BBH_IPS_HISTORY,Investment Policy — History,"Previous versions of each policy, so a change of mandate is traceable.",one row per policy per version,IPS / Investment Policy,Y,N,high,DRAFT,
DIM_BBH_IPS_INVESTOR_PROFILE,Investor Profile,"The client's objectives, risk tolerance and constraints as recorded on the policy.",one row per policy,IPS / Investment Policy,N,N,high,DRAFT,
DIM_BBH_IPS_SUBASSET_CLASS,Policy Sub-Asset Classes,The finer breakdown beneath each asset class.,one row per policy per sub-asset class,IPS / Investment Policy,N,N,high,DRAFT,
DIM_BBH_IPS_TRANSLATION,Policy Translations,Policy wording in each language it is issued in.,one row per policy per language,IPS / Investment Policy,N,N,high,DRAFT,
DIM_BBH_IPS_UIMP,Policy UIMP,A policy structure abbreviated UIMP. UIMP is not expanded anywhere in the lineage — this one needs an owner to name it.,one row per policy per UIMP entry,IPS / Investment Policy,N,N,low,DRAFT,
DIM_BBH_IPS_UIMP_REALLOCATION,Policy UIMP Reallocation,Reallocations against those UIMP entries. UIMP is not expanded anywhere in the lineage — confirm before publishing.,one row per reallocation,IPS / Investment Policy,N,N,low,DRAFT,
DIM_BBH_IPS_WS,Policy Worksheet,The working version of a policy while it is being drafted.,one row per worksheet,IPS / Investment Policy,N,N,high,DRAFT,
DIM_BBH_IPS_WS_OPTOUT,Policy Worksheet Opt-Outs,"Parts of the policy the client has declined, recorded on the worksheet.",one row per worksheet per opt-out,IPS / Investment Policy,N,N,high,DRAFT,
DIM_IPS_ACCOUNTS_RELATION,Policy Accounts,Which accounts each policy governs.,one row per policy per account,IPS / Investment Policy,N,N,high,DRAFT,
DIM_IPS_CONSOLIDATED,Consolidated Policy View,One policy view across the accounts a relationship holds.,one row per relationship,IPS / Investment Policy,N,N,high,DRAFT,
DIM_IPS_DETAILS,Policy Details,The detailed lines of a policy.,one row per policy per detail line,IPS / Investment Policy,N,N,high,DRAFT,
DIM_IPS_OPT_OUTS,Policy Opt-Outs,Parts of the agreed policy the client has declined.,one row per policy per opt-out,IPS / Investment Policy,N,N,high,DRAFT,
DIM_IPS_SPL_CONSIDERATIONS,Special Considerations,Client-specific instructions and restrictions that sit outside the standard policy.,one row per policy per consideration,IPS / Investment Policy,N,N,high,DRAFT,
REF_ACTIVE_BLEND_ALLOCATION,Active Blend Allocation,The blend of active and passive management applied to an allocation.,one row per blend per asset class,IPS / Investment Policy,N,N,med,DRAFT,
REF_ASSET_CLASS,Asset Classes,The asset-class scheme used across allocation and reporting.,one row per asset class,IPS / Investment Policy,N,N,high,DRAFT,
REF_IPS_OBJECTIVE,Investment Objectives,The objectives a policy can be set to.,one row per objective,IPS / Investment Policy,N,N,high,DRAFT,
DIM_CRM_DW_CONTACTS,CRM Contacts,"Contacts as the CRM holds them, brought across so warehouse reporting agrees with the CRM.",one row per CRM contact,Interested Parties & Relationships,N,N,high,DRAFT,
DIM_CRM_OB_REQUEST,Onboarding Requests,"Requests raised to onboard a client or account, and where each one has got to.",one row per onboarding request,Interested Parties & Relationships,N,N,med,DRAFT,
DIM_CRM_TAR_CONTACTS,CRM TAR Contacts,A second CRM contact set. TAR is not expanded anywhere in the lineage — confirm what it stands for.,one row per contact,Interested Parties & Relationships,N,N,low,DRAFT,
DIM_INTERESTED_PARTY,Interested Party,"Every person or organisation with an interest in an account — owners, beneficiaries, signatories, advisers.",one row per interested party,Interested Parties & Relationships,N,N,high,DRAFT,
DIM_INTERESTED_PARTY_UD,Interested Party User-Defined Fields,Extra attributes the business records against a party.,one row per party per field,Interested Parties & Relationships,N,N,high,DRAFT,
DIM_INTERESTED_PARTY_UD_HIST,Interested Party User-Defined Fields — History,Previous values of those party attributes.,one row per party per field per change,Interested Parties & Relationships,Y,N,high,DRAFT,
DIM_IP_RELATIONSHIP,Party Relationship,How each party relates to each account — the capacity in which they are interested.,one row per party to account relationship,Interested Parties & Relationships,N,N,high,DRAFT,
DIM_IP_RELATIONSHIP_HIST,Party Relationship — History,"Previous relationships, so a change of signatory or beneficiary can be traced.",one row per relationship per change,Interested Parties & Relationships,Y,N,high,DRAFT,
DIM_IP_RELATIONSHIP_UD,Party Relationship User-Defined Fields,Extra attributes on the relationship itself rather than on the party.,one row per relationship per field,Interested Parties & Relationships,N,N,high,DRAFT,
DIM_IP_RELATIONSHIP_UD_HIST,Party Relationship User-Defined Fields — History,Previous values of those relationship attributes.,one row per relationship per field per change,Interested Parties & Relationships,Y,N,high,DRAFT,
DIM_IP_REL_REMIT_BLOCKS,Remittance Blocks,"Party relationships whose payments are currently blocked, and why.",one row per relationship per remittance block,Interested Parties & Relationships,N,N,high,DRAFT,
DIM_IP_REL_STMT_BLOCKS,Statement Blocks,Party relationships whose statements are currently withheld.,one row per relationship per statement block,Interested Parties & Relationships,N,N,high,DRAFT,
REF_OFFICER_CONTACTS,Officer Contacts,Which officer covers which account or relationship.,one row per officer to account assignment,Interested Parties & Relationships,N,N,high,DRAFT,
API_INTRADAY_KEYS,Intraday API Keys,Keys the intraday API uses to identify what to refresh.,one row per key,Intraday / API Keys & Control,N,N,med,DRAFT,
CFG_BACK_DATED_LIST,Back-Dated Processing List,Accounts approved for back-dated processing.,one row per account,Intraday / API Keys & Control,N,N,high,DRAFT,
CFG_BACK_DATED_LIST_HIST,Back-Dated Processing List — History,Previous versions of that list.,one row per account per change,Intraday / API Keys & Control,Y,N,high,DRAFT,
CFG_BACK_DATED_LIST_TEMP,Back-Dated Processing List — Staging,The list being assembled by the current run.,"one row per account, current run",Intraday / API Keys & Control,N,Y,high,DRAFT,
PBDW_ETL_AUDIT_LOG,Load Log,"Every warehouse load: when it ran, how long it took, and whether it succeeded.",one row per load step per run,Intraday / API Keys & Control,N,N,high,DRAFT,
REF_ACBS_FACILITY_LIST,Credit Facilities,"Lending facilities extended to clients, from the ACBS commercial lending system.",one row per facility,Lending & Credit,N,N,high,DRAFT,
REF_ACBS_KEY_METRICS,Credit Facility Metrics,"Balances, limits and utilisation on each facility.",one row per facility per metric date,Lending & Credit,N,N,high,DRAFT,
REF_ACBS_SYND_PARTICIPATION,Syndicated Loan Participation,BBH's share of loans syndicated across several lenders.,one row per facility per participant,Lending & Credit,N,N,high,DRAFT,
REF_IRG_FUND_DETAILS,Fund Details,Fund characteristics from the investment research group's data set.,one row per fund,Market / Research Data,N,N,med,DRAFT,
REF_IRG_FUND_FACTOR,Fund Factors,Factor exposures attributed to each fund.,one row per fund per factor,Market / Research Data,N,N,med,DRAFT,
REF_IRG_FUND_RETURNS,Fund Returns,Published returns for each fund.,one row per fund per period,Market / Research Data,N,N,med,DRAFT,
REF_IRG_MORNING_STAR,Morningstar Data,Fund data as supplied by Morningstar.,one row per fund,Market / Research Data,N,N,high,DRAFT,
REF_IRG_SECTOR_NAMES,Research Sector Names,The sector names used in research data.,one row per sector,Market / Research Data,N,N,med,DRAFT,
REF_IRG_SP500_INFO,S&P 500 Constituents,S&P 500 index membership and attributes.,one row per constituent,Market / Research Data,N,N,high,DRAFT,
REF_PRIVATE_MARKET_FUND,Private Market Funds,"Private equity, credit and real asset funds clients are invested in.",one row per fund,Market / Research Data,N,N,high,DRAFT,
FACT_CP_HOLDINGS,Holdings,"What each account holds, by security, with quantity and value. The figure most client reporting starts from.",one row per account per security per day,Positions & Holdings,N,N,high,DRAFT,
FACT_CP_HOLDINGS_TEMP,Holdings — Staging,The holdings load in progress. Not a reporting table.,"one row per account per security, current batch",Positions & Holdings,N,Y,high,DRAFT,
FACT_CP_URGL_GRAPH,Unrealised Gain & Loss Trend,"Unrealised gain and loss over time, shaped for the chart that shows it.",one row per account per period,Positions & Holdings,N,N,med,DRAFT,
FACT_CRD_TAX_LOT,Tax Lots (Charles River),"Tax lots as the Charles River order management system holds them, for comparison with BBH's own.",one row per tax lot in Charles River,Positions & Holdings,N,N,high,DRAFT,
FACT_HOLDINGS_BATCH,Holdings Batch,"Which holdings load produced which figures, so a number can be traced to a run.",one row per holdings batch,Positions & Holdings,N,N,high,DRAFT,
FACT_HOLDINGS_UPDATED,Holdings Changed Today,"Holdings that moved in the latest run, so downstream processes need only look at what changed.",one row per changed holding per run,Positions & Holdings,N,N,high,DRAFT,
FACT_PLEDGE,Pledged Assets,Holdings pledged as collateral and therefore not freely available.,one row per pledge,Positions & Holdings,N,N,high,DRAFT,
FACT_TAX_LOT,Tax Lots,"Each separately acquired parcel of a holding, with its cost and acquisition date — what gain and loss is calculated from.",one row per tax lot,Positions & Holdings,N,N,high,DRAFT,
FACT_TAX_LOT_HIST,Tax Lots — History,"Previous states of those parcels, so a restatement can be traced.",one row per tax lot per change,Positions & Holdings,Y,N,high,DRAFT,
CFG_TR_CUSIP_LTS,Thomson Reuters CUSIP List,A controlled list of CUSIPs for Thomson Reuters processing. LTS is not expanded anywhere in the lineage.,one row per CUSIP,Pricing & Valuation,N,N,low,DRAFT,
FACT_MBS_FACTOR,Mortgage-Backed Security Factors,"The paydown factor for each mortgage-backed security, which determines the outstanding balance.",one row per security per factor date,Pricing & Valuation,N,N,high,DRAFT,
FACT_PRICE,Price,The price used to value each security on each day.,one row per security per date,Pricing & Valuation,N,N,high,DRAFT,
FACT_PRICE_FIS,Price (FIS),"Prices as delivered by FIS, before any vendor is chosen.",one row per security per date,Pricing & Valuation,N,N,high,DRAFT,
FACT_PRICE_REALTIME,Price — Intraday,Prices refreshed during the day rather than at close.,one row per security per intraday snapshot,Pricing & Valuation,N,N,high,DRAFT,
FACT_PRICE_TR,Price (Thomson Reuters),"Prices as delivered by Thomson Reuters, before any vendor is chosen.",one row per security per date,Pricing & Valuation,N,N,med,DRAFT,
FACT_SECURITY_MEASURES,Security Measures,"Calculated measures on a security — yield, duration and the like.",one row per security per measure per date,Pricing & Valuation,N,N,high,DRAFT,
FACT_SECURITY_MEASURES_HIST,Security Measures — History,Previous values of those measures.,one row per security per measure per date,Pricing & Valuation,Y,N,high,DRAFT,
FACT_STAR_PORTFOLIO_VALUATION,Portfolio Valuation (STAR),The nightly portfolio valuation delivered by STAR.,one row per account per security per valuation date,Pricing & Valuation,N,N,high,DRAFT,
TEMP_PRICE_CHANGE,Price Change — Staging,Prices that moved in the current run. Not a reporting table.,"one row per security, current run",Pricing & Valuation,N,Y,high,DRAFT,
TEMP_PRICE_CHANGE_YESTERDAY,Price Change — Previous Run,"The prior run's price movements, kept for comparison.","one row per security, previous run",Pricing & Valuation,N,Y,high,DRAFT,
DIM_CONTACT,Contact,Named contacts and how to reach them.,one row per contact,Reference Data,N,N,high,DRAFT,
DIM_CONTROL_DATES,Processing Dates,"The business dates each process runs for, which decide what 'today' means to a report.",one row per process per date,Reference Data,N,N,high,DRAFT,
DIM_CRM_EMPLOYEE_OFFICES,CRM Employee Offices,"Which office each employee works from, as the CRM records it.",one row per employee per office,Reference Data,N,N,high,DRAFT,
DIM_DATE,Calendar,The date dimension every periodic report joins to.,one row per date,Reference Data,N,N,high,DRAFT,
DIM_EMPLOYEE,Employee,"BBH staff, used to attribute accounts and activity to the people responsible.",one row per employee,Reference Data,N,N,high,DRAFT,
DIM_OFFICE,Office,"BBH offices, used to roll figures up by location.",one row per office,Reference Data,N,N,high,DRAFT,
REF_ADDV_TAB_35,AddVantage Table 35,An AddVantage lookup carried across under its source table number. TAB_35 is not expanded anywhere in the lineage — it needs a business name and an owner.,one row per code,Reference Data,N,N,low,DRAFT,
REF_BANK_NAME,Bank Names,Banks referenced by accounts and instructions.,one row per bank,Reference Data,N,N,high,DRAFT,
REF_BRANCH,Branch,"The branch codes used across accounts and reporting, and the branch each one names.",one row per branch,Reference Data,N,N,high,DRAFT,
REF_CODE_DESC,Code Descriptions,The general lookup: what every short code in the warehouse means.,one row per code set per code,Reference Data,N,N,high,DRAFT,
REF_CRD_BRANCHCODE,Branch Codes (Charles River),"Branch codes as Charles River uses them, mapped to BBH branches.",one row per branch code,Reference Data,N,N,high,DRAFT,
REF_DISBURSEMENT_CODE,Disbursement Codes,What each disbursement code means.,one row per disbursement code,Reference Data,N,N,high,DRAFT,
REF_INSTITUTION_CODE,Institution Codes,Financial institutions and their identifying codes.,one row per institution,Reference Data,N,N,high,DRAFT,
REF_IP_MAIL_LABEL_TITLE,Mailing Title,The salutation and title used when addressing a party on post.,one row per title code,Reference Data,N,N,high,DRAFT,
REF_TRANSACTION_CODE,Transaction Codes,"What each transaction code means, so a posting can be read without a lookup sheet.",one row per transaction code,Reference Data,N,N,high,DRAFT,
FACT_ACCOUNT_SUMMARY,Account Summary,One summary line per account per period — the figures most reports open with.,one row per account per period,Reporting & Analytics,N,N,high,DRAFT,
FACT_AUM,Assets Under Management,"The value of assets BBH manages or administers, by account and period.",one row per account per period,Reporting & Analytics,N,N,high,DRAFT,
FACT_FR_BENCHMARK,Benchmark Returns,"Returns for each benchmark, which portfolio performance is measured against.",one row per benchmark per period,Reporting & Analytics,N,N,high,DRAFT,
FACT_FR_BENCHMARK_TAB1,Benchmark — Report Section 1,Benchmark figures arranged for the first section of the client report.,one row per benchmark per period,Reporting & Analytics,N,N,med,DRAFT,
FACT_FR_BENCHMARK_TAB2,Benchmark — Report Section 2,Benchmark figures arranged for the second section of the client report.,one row per benchmark per period,Reporting & Analytics,N,N,med,DRAFT,
FACT_FR_BENCHMARK_TAB3,Benchmark — Report Section 3,Benchmark figures arranged for the third section of the client report.,one row per benchmark per period,Reporting & Analytics,N,N,med,DRAFT,
FACT_FR_PERFORMANCE,Performance Returns,Returns for each account and period — what the portfolio actually did.,one row per account per period,Reporting & Analytics,N,N,high,DRAFT,
FACT_FR_PERFORMANCE_TAB1,Performance — Report Section 1,Performance figures arranged for the first section of the client report.,one row per account per period,Reporting & Analytics,N,N,med,DRAFT,
FACT_FR_PERFORMANCE_TAB2,Performance — Report Section 2,Performance figures arranged for the second section of the client report.,one row per account per period,Reporting & Analytics,N,N,med,DRAFT,
FACT_FR_PERFORMANCE_TAB3,Performance — Report Section 3,Performance figures arranged for the third section of the client report.,one row per account per period,Reporting & Analytics,N,N,med,DRAFT,
FACT_MAP_DETAILS,MAP Report Details,The detail lines of a MAP report. MAP is not expanded anywhere in the lineage — confirm before publishing.,one row per report per line,Reporting & Analytics,N,N,low,DRAFT,
FACT_MAP_HEADER,MAP Report Header,The header of a MAP report. MAP is not expanded anywhere in the lineage — confirm before publishing.,one row per report,Reporting & Analytics,N,N,low,DRAFT,
FACT_MONTHLY_FEES_AUM,Fees Against AUM,Monthly fees set against the assets they were charged on.,one row per account per month,Reporting & Analytics,N,N,high,DRAFT,
FACT_NET_FLOW_AUM,Net Flows,"Money in and out, separated from market movement, so growth can be explained.",one row per account per period,Reporting & Analytics,N,N,high,DRAFT,
FACT_STATEMENT_CASH,Statement Cash,Cash activity exactly as it was printed on a client statement.,one row per statement per cash line,Reporting & Analytics,N,N,high,DRAFT,
FACT_STATEMENT_HOLDING,Statement Holdings,Holdings exactly as they were printed on a client statement.,one row per statement per holding,Reporting & Analytics,N,N,high,DRAFT,
FACT_STATEMENT_STATUS,Statement Status,"Whether each statement has been produced, held or sent.",one row per statement,Reporting & Analytics,N,N,high,DRAFT,
FACT_STMT_TRANSACTIONS,Statement Transactions,Transactions exactly as they were printed on a client statement.,one row per statement per transaction,Reporting & Analytics,N,N,high,DRAFT,
FRCOUNT,Performance Load Count,"Row counts from the performance load, used to check a file arrived whole.",one row per load,Reporting & Analytics,N,N,med,DRAFT,
FR_BENCHMARK_FILE_ENTRY,Benchmark File Load,"Each benchmark file received, and whether it loaded.",one row per file received,Reporting & Analytics,N,N,high,DRAFT,
FR_BEN_COUNT,Benchmark Load Count,"Row counts from the benchmark load, used to check a file arrived whole.",one row per load,Reporting & Analytics,N,N,high,DRAFT,
FR_PERFORMANCE_FILE_ENTRY,Performance File Load,"Each performance file received, and whether it loaded.",one row per file received,Reporting & Analytics,N,N,high,DRAFT,
PBDW_REPORT_CONFIGURATION,Report Configuration,"Which reports run, for whom, and with what options.",one row per report configuration,Reporting & Analytics,N,N,high,DRAFT,
REF_BENCHMARK_DESC,Benchmark Descriptions,What each benchmark is and what it represents.,one row per benchmark,Reporting & Analytics,N,N,high,DRAFT,
REF_BENCHMARK_MAPPING,Benchmark Assignment,Which benchmark each account or asset class is measured against.,one row per account or asset class per benchmark,Reporting & Analytics,N,N,high,DRAFT,
REF_FR_ASCT_SECTOR_MAPPING,Asset Class to Sector Mapping,How asset classes map onto reporting sectors.,one row per asset class per sector,Reporting & Analytics,N,N,med,DRAFT,
REF_FR_ASSET_CLASS_MAPPING,Performance Asset Class Mapping,How holdings map onto the asset classes performance is reported by.,one row per holding classification,Reporting & Analytics,N,N,high,DRAFT,
REF_FR_ASSET_SCHEMA,Performance Asset Schema,The classification scheme performance reporting is built on.,one row per schema entry,Reporting & Analytics,N,N,med,DRAFT,
REF_FR_BENCHMARK_APPROVAL,Benchmark Approvals,Whether a benchmark assignment has been approved for use in client reporting.,one row per benchmark assignment per approval,Reporting & Analytics,N,N,high,DRAFT,
REF_FR_RISK_FREE_RATE,Risk-Free Rate,The rate used as the risk-free baseline in risk-adjusted return measures.,one row per date,Reporting & Analytics,N,N,high,DRAFT,
REF_FR_SECTOR_ROLLUP,Sector Roll-Up,How detailed sectors combine into the sectors shown on a report.,one row per detailed sector,Reporting & Analytics,N,N,high,DRAFT,
RPT_SIGNIFICANT_FUNDS,Significant Funds,Funds large enough to need separate oversight.,one row per fund per period,Reporting & Analytics,N,N,med,DRAFT,
CFG_SECURITY_TYPE_CHANGE,Security Type Reclassifications,"Securities whose type has been reclassified, and from what to what.",one row per reclassification,Securities / Asset Master,N,N,high,DRAFT,
DIM_SECURITY,Security,"Every instrument BBH can hold, with its identifiers and characteristics.",one row per security,Securities / Asset Master,N,N,high,DRAFT,
DIM_SECURITY_UD,Security User-Defined Fields,Extra attributes the business records against a security.,one row per security per field,Securities / Asset Master,N,N,high,DRAFT,
DIM_SECURITY_UD_HIST,Security User-Defined Fields — History,Previous values of those security attributes.,one row per security per field per change,Securities / Asset Master,Y,N,high,DRAFT,
PBDW_CSM_SECURITY,Compliance Security Master,Security attributes as the compliance system holds them. CSM is not expanded anywhere in the lineage.,one row per security,Securities / Asset Master,N,N,low,DRAFT,
REF_ISSUER,Issuer,"Who issued each security, used for issuer concentration and credit views.",one row per issuer,Securities / Asset Master,N,N,high,DRAFT,
REF_SECURITY_TYPE,Security Types,The instrument-type classification used throughout the warehouse.,one row per security type,Securities / Asset Master,N,N,high,DRAFT,
REF_SM_SECURITY,Security Master Extract,Security attributes from the security master. SM is not expanded anywhere in the lineage.,one row per security,Securities / Asset Master,N,N,low,DRAFT,
DIM_CRM_ACCOUNT_ONLINE_ACCESS,Online Access,"Who has online access to which account, and at what level.",one row per account per user,Security / Access Reference,N,N,high,DRAFT,
DIM_CRM_REQUEST_AUTHORIZER,Request Authorisers,Who is entitled to approve each kind of request.,one row per request per authoriser,Security / Access Reference,N,N,high,DRAFT,
TWM001_USER_REF,User Reference (TWM001),A user reference table carried across under its source system name. TWM001 is not expanded anywhere in the lineage — confirm what it stands for.,one row per user,Security / Access Reference,N,N,low,DRAFT,
REF_K1_DETAIL,Schedule K-1 Detail,Partnership income detail reported to investors on a Schedule K-1.,one row per partner per tax year,Tax,N,N,high,DRAFT,
REF_TRUST_TAX,Trust Tax,"Tax attributes of trust accounts, used for withholding and filing.",one row per account,Tax,N,N,high,DRAFT,
FACT_CASH_PROJECTION,Projected Cash,"Cash expected in and out on future dates, so an account's forward position is visible.",one row per account per future date,Transactions & Journals,N,N,high,DRAFT,
FACT_CASH_SETTLEMENTS,Cash Settlements,Cash movements settling against trades and other activity.,one row per settlement,Transactions & Journals,N,N,high,DRAFT,
FACT_CHECK_REGISTER,Check Register,Cheques issued against accounts and their status.,one row per cheque,Transactions & Journals,N,N,high,DRAFT,
FACT_DIV_INT_TEMP,Dividends & Interest — Staging,Dividend and interest postings in progress. Not a reporting table.,"one row per posting, current batch",Transactions & Journals,N,Y,high,DRAFT,
FACT_PENNY_IT,Penny Test Items,Small-value verification items. IT is not expanded anywhere in the lineage — confirm before publishing.,one row per item,Transactions & Journals,N,N,low,DRAFT,
FACT_REGISTER_BALANCE,Register Balance,The running balance the register reconciles to.,one row per account per date,Transactions & Journals,N,N,med,DRAFT,
FACT_TRADES,Trades,Buy and sell orders and how they were executed.,one row per trade,Transactions & Journals,N,N,high,DRAFT,
FACT_TRANSACTIONS,Transactions,"Every posting against an account — purchases, sales, income, fees, transfers.",one row per transaction,Transactions & Journals,N,N,high,DRAFT,
